valid_time,TdAI Run Time (UTC),TdAI Status,NBM Temperature (F),NBM Dewpoint (F),TdAI Predicted Bias (F),TdAI Corrected Dewpoint (F),ASOS Ground Truth Dewpoint (F),Raw NBM Error (F),Post TdAI Error (F),TdAI Skill Score (%),TdAI Top Drivers,NBM Max Wind Gust 15-21Z (kts),NDFD Dewpoint (F),NDFD Error (F),NDFD Skill Score (%)
2026-08-15 21:00:00,2026-08-15 21:44 UTC,Active,77.0,49.0,1.3,47.7,47.0,2.0,0.7,65.0,rh_975: +0.96F | Time of Year: -0.65F | 1000mb-700mb Lapse Rate (C/km): +0.30F | NBM Mixing Height (100s ft AGL): -0.14F | rh_925: +0.14F,,,,
2026-08-16 21:00:00,2026-08-16 14:48 UTC,Sky > 60 %,,,0.0,,50.0,,,,,,,,
2026-08-17 21:00:00,2026-08-17 14:48 UTC,"RH > 60 %, Sky > 60 %",,,0.0,,61.0,,,,,,,,
2026-08-18 21:00:00,2026-08-18 14:48 UTC,RH > 60 %,,,0.0,,61.0,,,,,,,,
2026-08-19 21:00:00,2026-08-19 14:48 UTC,"RH > 60 %, Sky > 60 %",,,0.0,,66.0,,,,,,,,
2026-08-20 21:00:00,2026-08-20 14:47 UTC,Sky > 60 %,,,0.0,,50.0,,,,,,,,
2026-08-21 21:00:00,2026-08-21 14:47 UTC,Active,79.0,48.0,0.0,48.0,46.0,2.0,2.0,0.0,NBM Cloud Cover (%): -0.54F | Time of Year: +0.36F | hrrr_lpw (mm): +0.30F | rh_725: +0.24F | rh_700: +0.24F,,,,
2026-08-22 21:00:00,2026-08-22 14:47 UTC,"RH > 60 %, Sky > 60 %",,,0.0,,57.0,,,,,,,,
2026-08-23 21:00:00,2026-08-23 14:48 UTC,"RH > 60 %, Sky > 60 %",,,0.0,,67.0,,,,,,,,
2026-08-24 21:00:00,2026-08-24 14:48 UTC,Active,77.0,57.0,0.0,57.0,57.0,0.0,0.0,0.0,Time of Year: +0.43F | hrrr_lpw (mm): +0.26F | rh_975: -0.23F | rh_1000: -0.18F | rh_900: +0.12F,,,,
2026-08-25 21:00:00,2026-08-25 14:48 UTC,Active,76.0,57.0,0.1,56.9,57.0,0.0,-0.1,0.0,hrrr_lpw (mm): +0.40F | Time of Year: +0.38F | rh_1000: -0.16F | 1000mb-700mb Lapse Rate (C/km): -0.15F | rh_975: -0.13F,,,,
2026-08-26 21:00:00,2026-08-26 14:48 UTC,Active,81.0,54.0,0.4,53.6,45.0,9.0,8.6,4.4,Time of Year: +0.50F | rh_975: -0.50F | 1000mb-700mb Lapse Rate (C/km): -0.24F | rh_1000: +0.23F | rh_525: +0.18F,,,,
2026-08-27 21:00:00,2026-08-27 14:47 UTC,Active,76.0,60.0,0.0,60.0,62.0,-2.0,-2.0,0.0,Time of Year: +0.34F | rh_975: +0.25F | hrrr_lpw (mm): +0.23F | NBM Wind Speed (kts): +0.17F | rh_725: -0.07F,,,,
2026-08-28 21:00:00,2026-08-28 14:48 UTC,"RH > 60 %, Sky > 60 %",,,0.0,,68.0,,,,,,,,
2026-08-29 21:00:00,2026-08-29 14:47 UTC,Active,75.0,45.0,0.6,44.4,44.0,1.0,0.4,60.0,rh_975: -0.70F | Time of Year: +0.69F | NBM Cloud Cover (%): -0.42F | 1000mb-700mb Lapse Rate (C/km): +0.27F | hrrr_lpw (mm): -0.20F,,,,
2026-08-30 21:00:00,2026-08-30 23:54 UTC,"RH > 60 %, Sky > 60 %",,,0.0,,57.0,,,,,,,,
2026-08-31 21:00:00,2026-08-31 14:48 UTC,Active,75.0,47.0,1.1,45.9,45.0,2.0,0.9,55.0,rh_975: -0.97F | Time of Year: +0.75F | NBM Cloud Cover (%): -0.38F | 1000mb-700mb Lapse Rate (C/km): +0.24F | NBM Mixing Height (100s ft AGL): +0.20F,13.0,,,
2026-09-01 21:00:00,2026-09-01 14:48 UTC,Active,76.0,48.0,0.9,47.1,50.0,-2.0,-2.9,-45.0,rh_975: -1.01F | Time of Year: +0.62F | hrrr_lpw (mm): -0.22F | 1000mb-700mb Lapse Rate (C/km): -0.12F | rh_825: +0.11F,9.0,,,
2026-09-02 21:00:00,2026-09-02 14:48 UTC,Sky > 60 %,,,0.0,,46.0,,,,,,,,
2026-09-03 21:00:00,2026-09-03 14:48 UTC,"RH > 60 %, Sky > 60 %",,,0.0,,62.0,,,,,,,,
2026-09-04 21:00:00,2026-09-04 14:48 UTC,RH > 60 %,,,0.0,,63.0,,,,,,,,
2026-09-05 21:00:00,2026-09-05 14:47 UTC,Active,67.0,50.0,0.0,50.0,51.0,-1.0,-1.0,0.0,rh_975: +0.36F | Time of Year: +0.27F | NBM Wind Speed (kts): +0.18F | rh_725: +0.18F | NBM Wind Direction (deg): +0.11F,22.0,,,
2026-09-06 21:00:00,2026-09-06 14:48 UTC,Active,67.0,43.0,0.7,42.3,47.0,-4.0,-4.7,-17.5,Time of Year: +0.48F | rh_975: -0.32F | 1000mb-700mb Lapse Rate (C/km): -0.24F | hrrr_lpw (mm): +0.22F | rh_1000: -0.18F,20.0,,,
2026-09-07 21:00:00,2026-09-07 14:48 UTC,Active,76.0,50.0,1.8,48.2,46.0,4.0,2.2,45.0,rh_975: -1.36F | Time of Year: +0.49F | 1000mb-700mb Lapse Rate (C/km): -0.28F | hrrr_lpw (mm): +0.20F | NBM Cloud Cover (%): -0.19F,18.0,,,
2026-09-08 21:00:00,2026-09-08 14:48 UTC,Active,69.0,41.0,1.2,39.8,40.0,1.0,-0.2,80.0,rh_975: -0.96F | Time of Year: +0.60F | hrrr_lpw (mm): -0.31F | NBM Cloud Cover (%): -0.29F | 1000mb-700mb Lapse Rate (C/km): +0.24F,18.0,,,
2026-09-09 21:00:00,2026-09-09 14:47 UTC,"RH > 60 %, Sky > 60 %",,,0.0,,53.0,,,,,,,,
2026-09-10 21:00:00,2026-09-09 14:47 UTC,Active,77.0,52.0,1.6,50.4,48.0,4.0,2.4,40.0,Time of Year: +0.77F | NBM Wind Speed (kts): +0.46F | rh_975: -0.39F | rh_500: -0.36F | rh_1000: -0.31F,26.0,,,
2026-09-12 21:00:00,2026-09-12 17:00 UTC,Active,71.0,45.0,1.7,43.3,42.0,3.0,1.3,56.7,rh_975: -0.59F | Time of Year: +0.56F | 1000mb-700mb Lapse Rate (C/km): +0.34F | rh_1000: -0.32F | rh_850: -0.28F,17.0,48.0,6.0,-100.0
2026-09-13 21:00:00,2026-09-13 20:23 UTC,"RH > 60 %, Sky > 60 %",,,0.0,,62.0,,,,,,,,
2026-09-14 21:00:00,2026-09-14 14:49 UTC,Active,65.0,41.0,0.8,40.2,41.0,0.0,-0.8,0.0,rh_975: -0.32F | hrrr_lpw (mm): -0.28F | Time of Year: +0.27F | rh_1000: -0.25F | NBM Mixing Height (100s ft AGL): +0.24F,26.0,46.0,5.0,0.0
2026-09-15 21:00:00,2026-09-15 14:48 UTC,Active,69.0,42.0,1.1,40.9,43.0,-1.0,-2.1,-110.0,rh_975: -0.40F | Time of Year: +0.39F | hrrr_lpw (mm): -0.37F | 1000mb-700mb Lapse Rate (C/km): +0.33F | rh_850: -0.29F,6.0,43.0,0.0,100.0
2026-09-16 21:00:00,2026-09-16 14:48 UTC,Active,72.0,57.0,0.0,57.0,58.0,-1.0,-1.0,0.0,rh_975: +0.28F | hrrr_lpw (mm): +0.21F | 1000mb-700mb Lapse Rate (C/km): +0.14F | rh_525: +0.14F | rh_625: -0.07F,13.0,59.0,1.0,0.0
2026-09-17 21:00:00,2026-09-17 14:47 UTC,"RH > 60 %, Sky > 60 %",,,0.0,,61.0,,,,,,,,
2026-09-18 21:00:00,2026-09-18 14:48 UTC,Active,68.0,39.0,2.0,37.0,35.0,4.0,2.0,50.0,rh_975: -1.18F | NBM Cloud Cover (%): -0.31F | hrrr_lpw (mm): -0.28F | Time of Year: +0.26F | rh_775: +0.22F,23.0,42.0,7.0,-75.0
2026-09-19 21:00:00,2026-09-19 14:48 UTC,Active,64.0,36.0,2.0,34.0,33.0,3.0,1.0,66.7,rh_975: -1.38F | NBM Cloud Cover (%): -0.42F | Time of Year: +0.19F | 1000mb-700mb Lapse Rate (C/km): +0.19F | hrrr_lpw (mm): -0.18F,11.0,39.0,6.0,-100.0
2026-09-20 21:00:00,2026-09-20 14:48 UTC,"RH > 60 %, Sky > 60 %",,,0.0,,43.0,,,,,,,,
2026-09-21 21:00:00,2026-09-21 14:47 UTC,Active,65.0,43.0,0.1,42.9,43.0,0.0,-0.1,0.0,rh_975: -0.45F | rh_1000: +0.36F | hrrr_lpw (mm): -0.26F | 1000mb-700mb Lapse Rate (C/km): +0.21F | Time of Year: +0.19F,15.0,45.0,2.0,0.0
2026-09-22 21:00:00,2026-09-22 14:48 UTC,Active,62.0,37.0,1.8,35.2,38.0,-1.0,-2.8,-180.0,rh_975: -1.02F | NBM Cloud Cover (%): -0.43F | Time of Year: +0.31F | hrrr_lpw (mm): -0.29F | NBM Mixing Height (100s ft AGL): +0.14F,13.0,40.0,2.0,-100.0
2026-09-23 21:00:00,2026-09-23 14:48 UTC,Active,64.0,37.0,2.4,34.6,38.0,-1.0,-3.4,-240.0,rh_975: -0.94F | rh_825: -0.66F | NBM Cloud Cover (%): -0.57F | Time of Year: +0.32F | 1000mb-700mb Lapse Rate (C/km): +0.28F,12.0,40.0,2.0,-100.0
2026-09-24 21:00:00,2026-09-24 14:48 UTC,Active,70.0,46.0,1.2,44.8,45.0,1.0,-0.2,80.0,NBM Cloud Cover (%): -0.50F | rh_975: -0.43F | Time of Year: +0.30F | hrrr_lpw (mm): -0.28F | rh_1000: +0.26F,10.0,46.0,1.0,0.0
2026-09-25 21:00:00,2026-09-24 14:48 UTC,Sky > 60 %,,,0.0,,,,,,,,,,
